Canali;Link logo;Logo
3Cat Info ;https://i.postimg.cc/g0CBWqJG/3Cat-Info.png;Immagine
4Fun Dance;https://i.ibb.co/WWbNk0Z3/4fun-dance.png;Immagine
4Fun Tv;https://i.postimg.cc/502Ftr65/4Fun-Tv.png;Immagine
7Gold ;https://i.ibb.co/rQn12KM/7gold.png;Immagine
Abc ;https://i.postimg.cc/Ssdc4dcq/ABC.png;Immagine
Abc News ;https://i.postimg.cc/dtYD6rdQ/ABC-News.png;Immagine
Antena 3 ;https://i.postimg.cc/3RvBRL0R/Antena-3.png;Immagine
Antena 3 Int ;https://i.postimg.cc/1R0GjVpW/Antena-3-Int.png;Immagine
Aragon Tv ;https://i.postimg.cc/sXnQWKhs/Aragon-Tv.png;Immagine
arte;https://i.ibb.co/bMRdMyGN/arte.png;Immagine
BBC Alba;https://i.postimg.cc/ZKkjSJ1X/BBC-Alba.png;Immagine
Bbc Four ;https://i.postimg.cc/pT4bgV3Z/BBC-Four.png;Immagine
Bbc News ;https://i.postimg.cc/P5Fjk94K/BBC-News.png;Immagine
Bbc One ;https://i.postimg.cc/qqKBtwV6/bbc-one.png;Immagine
Bbc Three ;https://i.postimg.cc/fWVM5p1r/BBC-Three.png;Immagine
Bbc Two ;https://i.postimg.cc/Y9bB8fzP/BBC-Two.png;Immagine
Be Mad ;https://i.postimg.cc/s2sp4VLp/be-mad.png;Immagine
Bellla E Monella ;https://i.ibb.co/XFjZLv5/bellla-e-monella.png;Immagine
Bfm Tv ;https://i.postimg.cc/HkWbhpCd/bfm-tv.png;Immagine
BNT 1;https://i.ibb.co/sdxxnRbs/BNT-1.png;Immagine
BNT 2;https://i.ibb.co/LdHwpp3W/BNT-2.png;Immagine
BNT 3;https://i.ibb.co/YSMZdzB/BNT-3.png;Immagine
BNT 4;https://i.ibb.co/zVnNTd3d/BNT-4.png;Immagine
Boing Plus;https://i.postimg.cc/5tLBcHXt/Boing-Plus.png;Immagine
C-SPAN;https://i.ibb.co/jZTssx8c/C-SPAN.png;Immagine
Camera Dei Deputati ;https://i.postimg.cc/xC5vPZdK/Camera-dei-Deputati.png;Immagine
Canal ;https://i.postimg.cc/v8h332JR/canal.png;Immagine
Canal Sur 1 ;https://i.postimg.cc/3wnkv9s6/Canal-Sur-1.png;Immagine
Canal Sur 2 ;https://i.postimg.cc/QdN9xRPK/Canal-Sur-2.png;Immagine
Cbs ;https://i.postimg.cc/8cqcgfXb/CBS.png;Immagine
Cbs News ;https://i.postimg.cc/4NpcdrL0/CBS-News.png;Immagine
Cbs Sports;https://i.ibb.co/MDZGPBJ7/CBS-Sports.png;Immagine
Channel 4 ;https://i.postimg.cc/bwRKzM9T/Channel-4.png;Immagine
Channel 5 ;https://i.postimg.cc/jjwQ8n24/Channel-5.png;Immagine
Class Tv Moda ;https://i.postimg.cc/7YbLS9xb/Class-Tv-Moda.png;Immagine
Clubbing ;https://i.ibb.co/ZHjdJYB/clubbing.png;Immagine
Cnews;https://i.postimg.cc/tgBqv5tp/CNews.png;Immagine
Cnn ;https://i.postimg.cc/g2JhG45q/CNN.png;Immagine
Cremona 1 ;https://i.postimg.cc/G22x1805/cremona-1.png;Immagine
Cuatro ;https://i.ibb.co/6RfqXgm/cuatro.png;Immagine
Das Erste ;https://i.postimg.cc/02zqFc5G/Das-Erste.png;Immagine
Deluxe Dance;https://i.postimg.cc/8PPLV55K/Deluxe-Dance.png;Immagine
Discovery ;https://i.postimg.cc/9QRYzc0c/Discovery.png;Immagine
Discovery Turbo ;https://i.postimg.cc/rs9SQPFn/Discovery-Turbo.png;Immagine
Divinity ;https://i.postimg.cc/rmDrFzb0/Divinity.png;Immagine
Dmax ;https://i.postimg.cc/t4Q01b6K/DMAX.png;Immagine
Eitb 1 ;https://i.postimg.cc/fRwV86jr/eitb-1.png;Immagine
Energy ;https://i.postimg.cc/dt6r6M8C/Energy.png;Immagine
Entertainment ;https://i.postimg.cc/656cxZ2G/Entertainment.png;Immagine
ESPN;https://i.ibb.co/LXMVn5xK/ESPN.png;Immagine
ESPN 2;https://i.ibb.co/whBx9tsd/ESPN-2.png;Immagine
ESPN Deportes;https://i.ibb.co/chcWqyGy/ESPN-Deportes.png;Immagine
ESPN News;https://i.ibb.co/d4RNWJ1x/ESPN-News.png;Immagine
ESPN U;https://i.ibb.co/rNgsRyG/ESPN-U.png;Immagine
Esport3 ;https://i.postimg.cc/HLp2mZ0z/Esport3.png;Immagine
Etb 2 ;https://i.postimg.cc/VN0mgRp1/etb-2.png;Immagine
Etb Basque ;https://i.postimg.cc/NG5xFKyc/etb-basque.png;Immagine
Eurosport1 ;https://i.postimg.cc/fLKhtPkB/eurosport1.png;Immagine
Eurosport2;https://i.ibb.co/QF35h8Gw/Eurosport-2.png;Immagine
Fox News;https://i.ibb.co/MyqnNmDT/FOX-News.png;Immagine
Fox Sports 1;https://i.ibb.co/xKhBjTq0/FS1.png;Immagine
Fox Sports 2;https://i.ibb.co/ZzVg75fP/FS2.png;Immagine
France 2 ;https://i.ibb.co/xY7r7Z5/france-2.png;Immagine
France 24;https://i.postimg.cc/3wwch5st/France-24.png;Immagine
France 3 ;https://i.ibb.co/7pyGqgP/france-3.png;Immagine
France 4 ;https://i.ibb.co/nMLV8ck/france-4.png;Immagine
France 5 ;https://i.ibb.co/YyXqT1J/france-5.png;Immagine
Franceinfo ;https://i.postimg.cc/RZW490xh/Franceinfo.png;Immagine
Freeform ;https://i.postimg.cc/HnyydSt8/Freeform.png;Immagine
Frisbee ;https://i.postimg.cc/52s28jmH/frisbee.png;Immagine
Friuli Tv 24 ;https://i.postimg.cc/zf3QDL5L/Friuli-Tv-24.png;Immagine
Fx ;https://i.postimg.cc/fThcxxPL/FX.png;Immagine
Fxx ;https://i.postimg.cc/3wrYgnWS/FXX.png;Immagine
Giallo ;https://i.postimg.cc/Bn6hQwYr/Giallo.png;Immagine
Gold Tv Sat ;https://i.ibb.co/yXDMpsc/Gold-Tv-Sat.png;Immagine
Gr Ulim'ora;https://i.ibb.co/dtZ6Pm3/gr-ultimora.png;Immagine
Gran Hermano;https://i.ibb.co/YXvG92p/64c443540e982-r-d-960-540-6250-1.png;Immagine
Hbo ;https://i.postimg.cc/BZKL8Vxj/HBO.png;Immagine
Hgtv ;https://i.postimg.cc/SsTRqRnF/HGTV.png;Immagine
Hitradio Ö3;https://i.postimg.cc/v8fR1KjH/Hitradio-O3.png;Immagine
Hrt 1 ;https://i.postimg.cc/TP0hRVn9/HRT-1.png;Immagine
Hrt 2 ;https://i.postimg.cc/7L8Qx7q2/HRT-2.png;Immagine
Hrt 3 ;https://i.postimg.cc/RFXm8mjh/HRT-3.png;Immagine
Hrt 4 ;https://i.postimg.cc/0yPs8bPk/HRT-4.png;Immagine
Inter 24 7 ;https://i.postimg.cc/3Ncnmx0w/Inter-24-7.png;Immagine
Inter Tv ;https://i.postimg.cc/GpZ75x22/Inter-Tv.png;Immagine
Italia 136;https://i.postimg.cc/XJbBF4nt/Italia-136.png;Immagine
Itv 1 ;https://i.postimg.cc/Gm7qCcJz/ITV-1.png;Immagine
Itv 2 ;https://i.postimg.cc/j5Zj8FYG/ITV-2.png;Immagine
Itv 3 ;https://i.postimg.cc/kM2V17Bq/ITV-3.png;Immagine
Itv 4 ;https://i.postimg.cc/L6z8w5ST/ITV-4.png;Immagine
J Sports;https://i.ibb.co/d48Fmkbv/J-Sports.png;Immagine
L'unione Tv;https://i.ibb.co/cK3b6bYk/l-unione-tv.png;Immagine
La Sexta ;https://i.postimg.cc/Ls7cwbM5/La-Sexta.png;Immagine
La1 ;https://i.ibb.co/2S4yCNv/la1.png;Immagine
La7 ;https://i.ibb.co/nmRntCm/la7.png;Immagine
M6 ;https://i.ibb.co/qkzKkBx/M6.png;Immagine
Match Music;https://i.ibb.co/FqH5LHn3/Match-music.png;Immagine
Mediaset Italia ;https://i.postimg.cc/YqkN0yZk/Mediaset-Italia.png;Immagine
Mega ;https://i.postimg.cc/MTJnxt72/Mega.png;Immagine
Msnbc ;https://i.ibb.co/KN3KpLL/msnbc.png;Immagine
Msnbc ;https://i.postimg.cc/xC9xxvkc/MSNBC.png;Immagine
Mtv ;https://i.postimg.cc/BQrXNW7q/mtv.png;Immagine
Mtv 2 ;https://i.postimg.cc/fy6nRcND/MTV-2.png;Immagine
Mtv Classic ;https://i.postimg.cc/J4TmqdrG/MTV-Classic.png;Immagine
Mtv Live ;https://i.postimg.cc/yYh38KTK/MTV-Live.png;Immagine
Nbc ;https://i.postimg.cc/8zYKQpTG/NBC.png;Immagine
NDR Fernsehen;https://i.ibb.co/9k6KVzmR/NDR.png;Immagine
Neox ;https://i.postimg.cc/kG4qdthL/neox.png;Immagine
Nfl Network ;https://i.postimg.cc/FsK6g8xY/NFL-Network.png;Immagine
NHL World Japan;https://i.ibb.co/Kc4FpHwr/NHK-World-Japan.png;Immagine
Nitro;https://i.postimg.cc/rswQD98n/Nitro.png;Immagine
Nova ;https://i.postimg.cc/KYP0mq6t/nova.png;Immagine
Nove ;https://i.postimg.cc/GhwgK25p/Nove.png;Immagine
Orf 1 ;https://i.postimg.cc/W1dspPvC/ORF-1.png;Immagine
Orf 2 ;https://i.postimg.cc/Z55xCV7X/ORF-2.png;Immagine
Orf 3;https://i.ibb.co/3YVNRKhd/ORF-3.png;Immagine
Plus Cinema;https://i.ibb.co/tPsg2JrN/Plus-cinema.png;Immagine
Plus Tv ;https://i.postimg.cc/XY6VR8kH/Plus-Tv.png;Immagine
Plus Tv Motori ;https://i.postimg.cc/63CsfsDB/Plus-Tv-Motori.png;Immagine
Polsat;https://i.postimg.cc/D0ggZ4DR/Polsat.png;Immagine
Prosieben ;https://i.postimg.cc/QdnmtdfH/prosieben.png;Immagine
Radio Italia Live ;https://i.postimg.cc/FRPfjMTy/Radio-italia-live.png;Immagine
Radio Serie A ;https://i.postimg.cc/G3G5nL5D/Radio-Serie-A.png;Immagine
Radio Splash ;https://i.ibb.co/pKHtvzp/radio-splash.png;Immagine
Radio Televisione Sarda;https://i.postimg.cc/8cKkXHD6/RTS.png;Immagine
Radiolina ;https://i.ibb.co/F8HYMMd/radiolina.png;Immagine
Rai 4K ;https://i.ibb.co/NsrDW8b/rai-4k.png;Immagine
Rai Italia ;https://i.postimg.cc/wvmMQgtP/Rai-Italia.png;Immagine
Rai World Premium ;https://i.postimg.cc/HxHRBtjg/Rai-World-Premium.png;Immagine
Rds Next ;https://i.ibb.co/bNXkS3m/rds-next.png;Immagine
Real Time ;https://i.postimg.cc/NFCshzPg/Real-Time.png;Immagine
Record News;https://i.ibb.co/DDCgcnFw/Record-News.png;Immagine
Rede Globo ;https://i.ibb.co/nbTVbLz/rede-globo.png;Immagine
Rede Record ;https://i.postimg.cc/mDsxvTwv/rede-record.png;Immagine
Rede Tv ;https://i.postimg.cc/yNPSr4db/Rede-Tv.png;Immagine
Rete7 ;https://i.ibb.co/0cVNYjq/rete7.png;Immagine
Rne Para Todos ;https://i.postimg.cc/nLpXpNkj/rne-para-todos.png;Immagine
Rsi La1 ;https://i.ibb.co/C5m9tSy/rsi-la1.png;Immagine
Rsi La2 ;https://i.ibb.co/KFGMkkQ/rsi-la2.png;Immagine
Rtc 4 Rete ;https://i.ibb.co/rHKg545/rtc-4-rete.png;Immagine
Rtl ;https://i.postimg.cc/mghhbLcp/rtl.png;Immagine
Rtl 2 ;https://i.postimg.cc/FFW4hjjQ/rtl-2.png;Immagine
Rtl Caliente ;https://i.postimg.cc/G287qyY0/rtl-caliente.png;Immagine
Rtl Disco ;https://i.postimg.cc/0yLbnGGY/Rtl-disco.png;Immagine
Rtl Extra ;https://i.ibb.co/BwBsJbw/rtl-extra.png;Immagine
Rtl Guardia Costiera ;https://i.ibb.co/DLCdCfq/rtl-guardia-costiera.png;Immagine
Rtl Traffic ;https://i.postimg.cc/xd3nmL6M/Rtl-traffic.png;Immagine
RTP 1;https://i.ibb.co/Z6t7hzwQ/RTP-1.png;Immagine
RTP 2;https://i.ibb.co/0jNHJxBN/RTP-2.png;Immagine
RTP Mundo;https://i.ibb.co/39jCGCBx/RTP-Mundo.png;Immagine
RTP Noticias;https://i.ibb.co/tTbW515Z/RTP-Noticias.png;Immagine
Rts 1 ;https://i.postimg.cc/BnYNgT9L/RTS-1.png;Immagine
Rts 2 ;https://i.postimg.cc/W3XMNjNZ/RTS-2.png;Immagine
Rtsh 1 ;https://i.postimg.cc/nchCBKWB/RTSH-1.png;Immagine
Rtsh 2 ;https://i.postimg.cc/hPXKK2wL/RTSH-2.png;Immagine
Rtv;https://i.ibb.co/HNf5Zrc/rtv-sanmarino.png;Immagine
Rtv Sport;https://i.ibb.co/PTKR2Zw/rtv-sport.png;Immagine
Rtve Play ;https://i.postimg.cc/GmnVFyxs/rtve-play.png;Immagine
Sardegna1 ;https://i.ibb.co/9t3WwxV/sardegna1.png;Immagine
Sat1 ;https://i.postimg.cc/65zJMCph/sat1.png;Immagine
Servus Tv;https://i.ibb.co/wh8xTy5z/Servus-Tv.png;Immagine
Sixx;https://i.postimg.cc/qMfWmPMP/Sixx.png;Immagine
Sky ;https://i.ibb.co/cQpNmkG/sky.png;Immagine
Sky News ;https://i.postimg.cc/zGDSmd81/Sky-news.png;Immagine
Sky Sport 24 ;https://i.ibb.co/Jm952nY/sky-sport-24.png;Immagine
Sport1 ;https://i.postimg.cc/76LTT3by/sport1.png;Immagine
Srf 1 ;https://i.postimg.cc/0y1pnzFb/SRF-1.png;Immagine
Srf 2 ;https://i.postimg.cc/R0KfH4Xt/SRF-2.png;Immagine
Srf Info ;https://i.postimg.cc/ZY2dVW23/SRF-Info.png;Immagine
Star Tve ;https://i.postimg.cc/KcJRF9kL/Star-tve.png;Immagine
Stereocitta ;https://i.ibb.co/tq3fsWn/stereocitta.png;Immagine
Super Rtl ;https://i.postimg.cc/FsMwqvBm/Super-RTL.png;Immagine
Super!;https://i.postimg.cc/vZsMLBp0/Super.png;Immagine
Supertennis ;https://i.ibb.co/x6gWSQR/Supertennis.png;Immagine
SVT 1;https://i.ibb.co/JjwQGdjy/SVT-1.png;Immagine
SVT 2;https://i.ibb.co/G4cyjhpT/SVT-2.png;Immagine
Syfy ;https://i.postimg.cc/pT1yTtnC/SYFY.png;Immagine
Tele Costa Smeralda;https://i.postimg.cc/xjt5XBFm/Tele-Costa-Smeralda.png;Immagine
Telecinco ;https://i.ibb.co/nM9M36F/telecinco.png;Immagine
Telecity ;https://i.postimg.cc/sDxfXZf7/telecity.png;Immagine
Telemadrid ;https://i.postimg.cc/MTqPwK72/Telemadrid.png;Immagine
Telenorba ;https://i.postimg.cc/X7GjKyHf/Telenorba.png;Immagine
Telenuovo ;https://i.ibb.co/VD3qZSs/telenuovo.png;Immagine
Telenuovo play;https://i.postimg.cc/wx55vsTz/Telenuovo-play.png;Immagine
Teleregione Live;https://i.postimg.cc/R0XYHbTq/Teleregione-Live.png;Immagine
Telesardegna ;https://i.postimg.cc/2yqfydQD/Telesardegna.png;Immagine
Tennis Channel;https://i.ibb.co/LhDPPgLJ/Tennis-Channel.png;Immagine
Tf1 ;https://i.ibb.co/zPymWWS/TF1.png;Immagine
Tmc ;https://i.postimg.cc/d0FTBMHp/tmc.png;Immagine
Tnelogo ;https://telenordest.medianordest.it/wp-content/uploads/2020/09/TNELogo.png;Immagine
TRT 1;https://i.postimg.cc/Kz3WJBCn/TRT-1.png;Immagine
TRT 2;https://i.postimg.cc/tR262wt4/TRT-2.png;Immagine
TRT 3;https://i.postimg.cc/Jhrm66QX/TRT-3.png;Immagine
TRT Spor;https://i.postimg.cc/ZnSWwkwK/TRT-Spor.png;Immagine
TRT Spor Yildiz;https://i.postimg.cc/Bb7GXHL5/TRT-Spor-Yildiz.png;Immagine
TRT Turk;https://i.postimg.cc/761WFwPd/TRT-Turk.png;Immagine
TruTv;https://i.ibb.co/8DzS2yQd/Tru-Tv.png;Immagine
Tv 12 ;https://i.postimg.cc/gkkb9TC2/Tv-12.png;Immagine
Tv Globo ;https://i.postimg.cc/KjYphR3m/Tv-Globo.png;Immagine
TV SLO 1;https://i.ibb.co/Q3g96K52/TV-SLO-1.png;Immagine
TV SLO 2;https://i.ibb.co/JRJqbPDZ/TV-SLO-2.png;Immagine
Tv Yes;https://i.ibb.co/5G2QFp1/tv-yes.png;Immagine
Tv3 ;https://i.postimg.cc/zX064h1N/TV3.png;Immagine
Tv3 Cat ;https://i.postimg.cc/rytpV8wN/TV3-Cat.png;Immagine
Tv5Monde ;https://i.postimg.cc/G3TShxN6/tv5monde.png;Immagine
Tv7;https://i.postimg.cc/prDtNJK1/TV7.png;Immagine
Tv8;https://i.postimg.cc/50jgfzJc/Tv8-TR.png;Immagine
Tve ;https://i.ibb.co/XDjPzZV/tve.png;Immagine
Tvp 1 ;https://i.postimg.cc/44VMXFRz/TVP-1.png;Immagine
Tvp 2 ;https://i.postimg.cc/wMgkq2DQ/TVP-2.png;Immagine
Tvp 3;https://i.postimg.cc/QxyhTyVB/TVP-3.png;Immagine
Tvp Info;https://i.postimg.cc/gknrQRZH/TVP-Info.png;Immagine
Tvp Polonia;https://i.postimg.cc/NfHBRxXk/TVP-Polonia.png;Immagine
Tvp Sport;https://i.postimg.cc/0N6TqkCC/TVP-Sport.png;Immagine
Tvp World;https://i.postimg.cc/zXBpQd7t/TVP-World.png;Immagine
Uninettuno Tv ;https://i.postimg.cc/ZnmRsYWN/Uninettuno-Tv.png;Immagine
Uno4;https://i.postimg.cc/76STRjQ4/Uno4.png;Immagine
Up Tv ;https://i.postimg.cc/zGgKF8JL/Up-Tv.png;Immagine
Usa Network ;https://i.postimg.cc/wTbKGjd6/USA-Network.png;Immagine
Vatican ;https://i.ibb.co/4ZkgwZY/vatican.png;Immagine
Vevo 90S ;https://i.ibb.co/WfTY9p4/vevo-90s.png;Immagine
Vevo Pop ;https://i.ibb.co/sPzpkKS/vevo-pop.png;Immagine
Vh1 ;https://i.ibb.co/jh9dpJ3/vh1.png;Immagine
Vh1 Music ;https://i.ibb.co/KWmRKL6/vh1-music.png;Immagine
Vox ;https://i.postimg.cc/VvnnWjQr/vox.png;Immagine
Vuemme ;https://i.ibb.co/gjJ9Xg1/vuemme.png;Immagine
W9 ;https://i.postimg.cc/8kZmmkB2/W9.png;Immagine
